row_type,application_code,student_code,preferred_room_type,application_date,application_status,assignment_code,room_code,assigned_from,assigned_to,assigned_by_staff_code,payment_code,payment_month,amount_paid,payment_status,maintenance_code,reported_by_student_code,reported_room_code,issue_type,request_date,completed_date,maintenance_status,repair_cost,maintenance_staff_code
assignment,APP0001,STU010,Triple,2025-01-18,Approved,ASN0001,A201,2025-01-21,2025-06-20,EMP003,PAY0001,2025-01-01,133.00,Paid,,,,,,,,,
assignment,APP0002,STU040,Single,2025-01-03,Approved,ASN0002,C101,2025-01-08,2025-05-08,EMP006,PAY0002,2025-01-01,200.00,Pending,,,,,,,,,
assignment,APP0003,STU060,Triple,2025-01-12,Approved,ASN0003,R202,2025-01-19,2025-04-19,EMP001,PAY0003,2025-01-01,130.00,Pending,,,,,,,,,
assignment,APP0004,STU038,Double,2025-01-05,Approved,ASN0004,A102,2025-01-11,2025-09-08,EMP003,PAY0004,2025-01-01,178.50,Paid,,,,,,,,,
assignment,APP0005,STU056,Triple,2025-01-12,Approved,ASN0005,C201,2025-01-18,2025-04-18,EMP006,PAY0005,2025-01-01,125.00,Paid,,,,,,,,,
assignment,APP0006,STU059,Double,2025-01-13,Approved,ASN0006,R102,2025-01-14,2025-06-13,EMP001,PAY0006,2025-01-01,155.00,Pending,,,,,,,,,
assignment,APP0007,STU042,Single,2025-01-07,Approved,ASN0007,A101,2025-01-10,2025-06-09,EMP003,PAY0007,2025-01-01,218.50,Paid,,,,,,,,,
maintenance,,,,,,,,,,,,,,,MR0001,STU047,C201,Cleaning,2025-01-08,2025-01-15,Completed,39.14,EMP005
maintenance,,,,,,,,,,,,,,,MR0002,STU016,A102,Plumbing,2025-01-13,2025-01-24,Completed,54.75,EMP004
maintenance,,,,,,,,,,,,,,,MR0003,STU018,R102,Security,2025-01-24,2025-01-26,Completed,51.39,EMP002
maintenance,,,,,,,,,,,,,,,MR0004,STU049,C102,Internet,2025-01-21,2025-01-23,Completed,65.34,EMP005
assignment,APP0008,STU008,Triple,2025-02-08,Approved,ASN0008,C201,2025-02-10,2025-08-09,EMP006,PAY0008,2025-02-01,131.25,Paid,,,,,,,,,
assignment,APP0009,STU053,Triple,2025-02-06,Approved,ASN0009,R202,2025-02-12,2025-05-13,EMP001,PAY0009,2025-02-01,130.00,Paid,,,,,,,,,
assignment,APP0010,STU041,Double,2025-02-19,Approved,ASN0010,A102,2025-02-25,2025-07-25,EMP003,PAY0010,2025-02-01,170.00,Paid,,,,,,,,,
assignment,APP0011,STU040,Triple,2025-02-02,Approved,ASN0011,C201,2025-02-06,2025-07-06,EMP006,PAY0011,2025-02-01,125.00,Paid,,,,,,,,,
assignment,APP0012,STU042,Triple,2025-02-01,Approved,ASN0012,R202,2025-02-03,2025-07-03,EMP001,PAY0012,2025-02-01,130.00,Paid,,,,,,,,,
assignment,APP0013,STU057,Triple,2025-02-03,Approved,ASN0013,A201,2025-02-04,2025-08-03,EMP003,PAY0013,2025-02-01,133.00,Paid,,,,,,,,,
assignment,APP0014,STU045,Double,2025-02-03,Approved,ASN0014,C102,2025-02-05,2025-10-03,EMP006,PAY0014,2025-02-01,150.00,Paid,,,,,,,,,
assignment,APP0015,STU007,Double,2025-02-13,Approved,ASN0015,R201,2025-02-14,2025-08-13,EMP001,PAY0015,2025-02-01,168.00,Paid,,,,,,,,,
maintenance,,,,,,,,,,,,,,,MR0005,STU025,A102,Internet,2025-02-16,2025-02-25,Completed,46.34,EMP004
maintenance,,,,,,,,,,,,,,,MR0006,STU060,C101,Furniture,2025-02-17,,Open,84.07,EMP005
maintenance,,,,,,,,,,,,,,,MR0007,STU013,R202,Furniture,2025-02-04,2025-02-14,Completed,43.72,EMP002
maintenance,,,,,,,,,,,,,,,MR0008,STU014,A102,Plumbing,2025-02-18,,Open,118.87,EMP004
maintenance,,,,,,,,,,,,,,,MR0009,STU007,A201,Furniture,2025-02-01,2025-02-02,Completed,82.25,EMP004
assignment,APP0016,STU043,Double,2025-03-06,Approved,ASN0016,R201,2025-03-09,2025-09-05,EMP001,PAY0016,2025-03-01,160.00,Pending,,,,,,,,,
assignment,APP0017,STU012,Single,2025-03-04,Approved,ASN0017,A101,2025-03-06,2025-11-01,EMP003,PAY0017,2025-03-01,230.00,Paid,,,,,,,,,
assignment,APP0018,STU030,Double,2025-03-14,Approved,ASN0018,C102,2025-03-20,2025-08-17,EMP006,PAY0018,2025-03-01,150.00,Paid,,,,,,,,,
assignment,APP0019,STU009,Single,2025-03-07,Approved,ASN0019,R101,2025-03-09,2025-11-04,EMP001,PAY0019,2025-03-01,210.00,Paid,,,,,,,,,
assignment,APP0020,STU004,Triple,2025-03-19,Approved,ASN0020,A201,2025-03-23,2025-06-21,EMP003,PAY0020,2025-03-01,140.00,Paid,,,,,,,,,
assignment,APP0021,STU053,Double,2025-03-14,Approved,ASN0021,C102,2025-03-16,2025-08-13,EMP006,PAY0021,2025-03-01,150.00,Pending,,,,,,,,,
assignment,APP0022,STU041,Triple,2025-03-17,Approved,ASN0022,R202,2025-03-22,2025-08-19,EMP001,PAY0022,2025-03-01,130.00,Pending,,,,,,,,,
assignment,APP0023,STU024,Double,2025-03-16,Approved,ASN0023,A102,2025-03-20,2025-11-15,EMP003,PAY0023,2025-03-01,170.00,Paid,,,,,,,,,
assignment,APP0024,STU012,Triple,2025-03-06,Approved,ASN0024,C201,2025-03-13,2025-08-10,EMP006,PAY0024,2025-03-01,125.00,Paid,,,,,,,,,
maintenance,,,,,,,,,,,,,,,MR0010,STU047,R101,Security,2025-03-19,,Open,52.75,EMP002
maintenance,,,,,,,,,,,,,,,MR0011,STU025,C102,Internet,2025-03-14,2025-03-25,Completed,61.08,EMP005
maintenance,,,,,,,,,,,,,,,MR0012,STU054,R201,Internet,2025-03-02,,Open,53.03,EMP002
maintenance,,,,,,,,,,,,,,,MR0013,STU048,R101,Plumbing,2025-03-08,2025-03-18,Completed,86.22,EMP002
maintenance,,,,,,,,,,,,,,,MR0014,STU001,R101,Cleaning,2025-03-16,2025-03-26,Completed,31.13,EMP002
maintenance,,,,,,,,,,,,,,,MR0015,STU053,C201,Cleaning,2025-03-24,2025-04-05,Completed,40.41,EMP005
assignment,APP0025,STU037,Triple,2025-04-16,Approved,ASN0025,A201,2025-04-17,2025-09-14,EMP003,PAY0025,2025-04-01,147.00,Paid,,,,,,,,,
assignment,APP0026,STU059,Triple,2025-04-04,Approved,ASN0026,C201,2025-04-05,2025-07-04,EMP006,PAY0026,2025-04-01,125.00,Paid,,,,,,,,,
assignment,APP0027,STU012,Triple,2025-04-13,Approved,ASN0027,R202,2025-04-17,2025-08-15,EMP001,PAY0027,2025-04-01,130.00,Paid,,,,,,,,,
assignment,APP0028,STU051,Single,2025-04-06,Approved,ASN0028,A101,2025-04-13,2025-09-10,EMP003,PAY0028,2025-04-01,241.50,Paid,,,,,,,,,
assignment,APP0029,STU029,Triple,2025-04-08,Approved,ASN0029,C201,2025-04-12,2025-08-10,EMP006,PAY0029,2025-04-01,118.75,Paid,,,,,,,,,
assignment,APP0030,STU032,Triple,2025-04-04,Approved,ASN0030,R202,2025-04-10,2025-10-07,EMP001,PAY0030,2025-04-01,136.50,Paid,,,,,,,,,
maintenance,,,,,,,,,,,,,,,MR0016,STU052,R102,Cleaning,2025-04-19,2025-04-22,Completed,43.62,EMP002
maintenance,,,,,,,,,,,,,,,MR0017,STU037,C101,Plumbing,2025-04-23,,Open,90.81,EMP005
maintenance,,,,,,,,,,,,,,,MR0018,STU039,R201,Internet,2025-04-09,2025-04-20,Completed,46.68,EMP002
assignment,APP0031,STU060,Triple,2025-05-04,Approved,ASN0031,C201,2025-05-06,2025-11-02,EMP006,PAY0031,2025-05-01,125.00,Paid,,,,,,,,,
assignment,APP0032,STU027,Double,2025-05-09,Approved,ASN0032,R201,2025-05-11,2025-09-08,EMP001,PAY0032,2025-05-01,160.00,Paid,,,,,,,,,
assignment,APP0033,STU018,Triple,2025-05-11,Approved,ASN0033,A201,2025-05-15,2026-01-10,EMP003,PAY0033,2025-05-01,140.00,Paid,,,,,,,,,
assignment,APP0034,STU002,Double,2025-05-17,Approved,ASN0034,C102,2025-05-22,2026-01-17,EMP006,PAY0034,2025-05-01,150.00,Pending,,,,,,,,,
assignment,APP0035,STU041,Triple,2025-05-13,Approved,ASN0035,R202,2025-05-15,2026-01-10,EMP001,PAY0035,2025-05-01,130.00,Paid,,,,,,,,,
assignment,APP0036,STU054,Triple,2025-05-11,Approved,ASN0036,A201,2025-05-13,2025-10-10,EMP003,PAY0036,2025-05-01,140.00,Paid,,,,,,,,,
assignment,APP0037,STU056,Single,2025-05-12,Approved,ASN0037,C101,2025-05-18,2025-08-16,EMP006,PAY0037,2025-05-01,210.00,Paid,,,,,,,,,
maintenance,,,,,,,,,,,,,,,MR0019,STU041,A101,Furniture,2025-05-18,,Open,72.14,EMP004
maintenance,,,,,,,,,,,,,,,MR0020,STU045,R202,Security,2025-05-03,,Open,62.80,EMP002
maintenance,,,,,,,,,,,,,,,MR0021,STU007,C201,Cleaning,2025-05-18,2025-05-28,Completed,35.46,EMP005
maintenance,,,,,,,,,,,,,,,MR0022,STU050,C201,Security,2025-05-07,2025-05-17,Completed,78.49,EMP005
assignment,APP0038,STU004,Double,2025-06-11,Approved,ASN0038,R102,2025-06-17,2026-02-12,EMP001,PAY0038,2025-06-01,147.25,Paid,,,,,,,,,
assignment,APP0039,STU055,Double,2025-06-01,Approved,ASN0039,A102,2025-06-07,2025-11-04,EMP003,PAY0039,2025-06-01,170.00,Paid,,,,,,,,,
assignment,APP0040,STU022,Double,2025-06-14,Approved,ASN0040,C102,2025-06-19,2025-12-16,EMP006,PAY0040,2025-06-01,142.50,Pending,,,,,,,,,
assignment,APP0041,STU021,Single,2025-06-06,Approved,ASN0041,R101,2025-06-11,2025-09-09,EMP001,PAY0041,2025-06-01,220.50,Pending,,,,,,,,,
assignment,APP0042,STU057,Double,2025-06-19,Approved,ASN0042,A102,2025-06-22,2025-10-20,EMP003,PAY0042,2025-06-01,170.00,Paid,,,,,,,,,
assignment,APP0043,STU016,Double,2025-06-05,Approved,ASN0043,C102,2025-06-08,2025-10-06,EMP006,PAY0043,2025-06-01,142.50,Paid,,,,,,,,,
assignment,APP0044,STU032,Single,2025-06-03,Approved,ASN0044,R101,2025-06-06,2025-10-04,EMP001,PAY0044,2025-06-01,210.00,Pending,,,,,,,,,
assignment,APP0045,STU025,Single,2025-06-08,Approved,ASN0045,A101,2025-06-14,2025-10-12,EMP003,PAY0045,2025-06-01,218.50,Paid,,,,,,,,,
maintenance,,,,,,,,,,,,,,,MR0023,STU018,C102,Security,2025-06-14,2025-06-23,Completed,54.57,EMP005
maintenance,,,,,,,,,,,,,,,MR0024,STU060,R202,Cleaning,2025-06-18,2025-06-19,Completed,45.63,EMP002
maintenance,,,,,,,,,,,,,,,MR0025,STU002,C101,Electricity,2025-06-05,,Open,77.76,EMP005
maintenance,,,,,,,,,,,,,,,MR0026,STU008,R102,Internet,2025-06-20,2025-06-28,Completed,32.08,EMP002
maintenance,,,,,,,,,,,,,,,MR0027,STU031,C101,Furniture,2025-06-07,2025-06-09,Completed,77.44,EMP005
assignment,APP0046,STU041,Double,2025-07-02,Approved,ASN0046,A102,2025-07-05,2026-01-01,EMP003,PAY0046,2025-07-01,170.00,Paid,,,,,,,,,
assignment,APP0047,STU014,Double,2025-07-09,Approved,ASN0047,C102,2025-07-16,2025-12-13,EMP006,PAY0047,2025-07-01,150.00,Paid,,,,,,,,,
assignment,APP0048,STU025,Triple,2025-07-11,Approved,ASN0048,R202,2025-07-12,2026-03-09,EMP001,PAY0048,2025-07-01,130.00,Paid,,,,,,,,,
assignment,APP0049,STU026,Triple,2025-07-13,Approved,ASN0049,A201,2025-07-18,2025-12-15,EMP003,PAY0049,2025-07-01,140.00,Paid,,,,,,,,,
assignment,APP0050,STU043,Single,2025-07-10,Approved,ASN0050,C101,2025-07-12,2025-12-09,EMP006,PAY0050,2025-07-01,190.00,Paid,,,,,,,,,
assignment,APP0051,STU041,Triple,2025-07-03,Approved,ASN0051,R202,2025-07-10,2026-03-07,EMP001,PAY0051,2025-07-01,130.00,Paid,,,,,,,,,
assignment,APP0052,STU037,Double,2025-07-06,Approved,ASN0052,A102,2025-07-07,2025-11-04,EMP003,PAY0052,2025-07-01,161.50,Paid,,,,,,,,,
assignment,APP0053,STU045,Triple,2025-07-01,Approved,ASN0053,C201,2025-07-02,2025-12-29,EMP006,PAY0053,2025-07-01,125.00,Paid,,,,,,,,,
assignment,APP0054,STU035,Single,2025-07-10,Approved,ASN0054,R101,2025-07-13,2026-01-09,EMP001,PAY0054,2025-07-01,210.00,Paid,,,,,,,,,
maintenance,,,,,,,,,,,,,,,MR0028,STU032,C102,Plumbing,2025-07-19,2025-07-29,Completed,110.97,EMP005
maintenance,,,,,,,,,,,,,,,MR0029,STU014,A101,Heating,2025-07-11,2025-07-23,Completed,140.08,EMP004
maintenance,,,,,,,,,,,,,,,MR0030,STU006,A201,Cleaning,2025-07-21,2025-08-03,Completed,52.34,EMP004
maintenance,,,,,,,,,,,,,,,MR0031,STU039,A101,Furniture,2025-07-06,2025-07-19,Completed,101.98,EMP004
maintenance,,,,,,,,,,,,,,,MR0032,STU019,C102,Cleaning,2025-07-24,,Open,62.56,EMP005
maintenance,,,,,,,,,,,,,,,MR0033,STU058,R102,Heating,2025-07-13,2025-07-19,Completed,134.45,EMP002
assignment,APP0055,STU060,Triple,2025-08-02,Approved,ASN0055,C201,2025-08-06,2025-11-04,EMP006,PAY0055,2025-08-01,125.00,Pending,,,,,,,,,
assignment,APP0056,STU037,Double,2025-08-07,Approved,ASN0056,R102,2025-08-10,2026-04-07,EMP001,PAY0056,2025-08-01,162.75,Paid,,,,,,,,,
assignment,APP0057,STU060,Double,2025-08-16,Approved,ASN0057,A102,2025-08-21,2026-02-17,EMP003,PAY0057,2025-08-01,161.50,Paid,,,,,,,,,
assignment,APP0058,STU015,Triple,2025-08-12,Approved,ASN0058,C201,2025-08-19,2026-01-16,EMP006,PAY0058,2025-08-01,125.00,Paid,,,,,,,,,
assignment,APP0059,STU038,Double,2025-08-11,Approved,ASN0059,R201,2025-08-12,2026-04-09,EMP001,PAY0059,2025-08-01,160.00,Paid,,,,,,,,,
assignment,APP0060,STU048,Triple,2025-08-09,Approved,ASN0060,A201,2025-08-10,2025-12-08,EMP003,PAY0060,2025-08-01,140.00,Paid,,,,,,,,,
maintenance,,,,,,,,,,,,,,,MR0034,STU038,R102,Furniture,2025-08-04,2025-08-14,Completed,54.02,EMP002
maintenance,,,,,,,,,,,,,,,MR0035,STU049,C101,Heating,2025-08-01,2025-08-07,Completed,57.03,EMP005
maintenance,,,,,,,,,,,,,,,MR0036,STU029,C101,Plumbing,2025-08-22,2025-08-26,Completed,124.57,EMP005
assignment,APP0061,STU031,Single,2025-09-16,Approved,ASN0061,R101,2025-09-22,2026-01-20,EMP001,PAY0061,2025-09-01,210.00,Paid,,,,,,,,,
assignment,APP0062,STU036,Double,2025-09-05,Approved,ASN0062,A102,2025-09-08,2026-01-06,EMP003,PAY0062,2025-09-01,178.50,Paid,,,,,,,,,
assignment,APP0063,STU019,Triple,2025-09-14,Approved,ASN0063,C201,2025-09-19,2026-05-17,EMP006,PAY0063,2025-09-01,125.00,Paid,,,,,,,,,
assignment,APP0064,STU029,Single,2025-09-10,Approved,ASN0064,R101,2025-09-13,2026-05-11,EMP001,PAY0064,2025-09-01,220.50,Paid,,,,,,,,,
assignment,APP0065,STU043,Triple,2025-09-08,Approved,ASN0065,A201,2025-09-11,2026-02-08,EMP003,PAY0065,2025-09-01,140.00,Paid,,,,,,,,,
assignment,APP0066,STU048,Double,2025-09-03,Approved,ASN0066,C102,2025-09-07,2026-05-05,EMP006,PAY0066,2025-09-01,142.50,Paid,,,,,,,,,
assignment,APP0067,STU035,Single,2025-09-18,Approved,ASN0067,R101,2025-09-24,2025-12-23,EMP001,PAY0067,2025-09-01,220.50,Paid,,,,,,,,,
maintenance,,,,,,,,,,,,,,,MR0037,STU009,A201,Security,2025-09-18,2025-10-02,Completed,41.97,EMP004
maintenance,,,,,,,,,,,,,,,MR0038,STU046,C201,Security,2025-09-21,2025-09-22,Completed,73.75,EMP005
maintenance,,,,,,,,,,,,,,,MR0039,STU023,C101,Electricity,2025-09-13,2025-09-20,Completed,57.98,EMP005
maintenance,,,,,,,,,,,,,,,MR0040,STU042,C201,Internet,2025-09-09,,Open,42.70,EMP005
assignment,APP0068,STU003,Double,2025-10-10,Approved,ASN0068,A102,2025-10-11,2026-06-08,EMP003,PAY0068,2025-10-01,170.00,Paid,,,,,,,,,
assignment,APP0069,STU018,Single,2025-10-13,Approved,ASN0069,C101,2025-10-14,2026-03-13,EMP006,PAY0069,2025-10-01,190.00,Paid,,,,,,,,,
assignment,APP0070,STU042,Double,2025-10-01,Approved,ASN0070,R102,2025-10-06,2026-02-03,EMP001,PAY0070,2025-10-01,162.75,Paid,,,,,,,,,
assignment,APP0071,STU054,Double,2025-10-19,Approved,ASN0071,A102,2025-10-23,2026-04-21,EMP003,PAY0071,2025-10-01,178.50,Pending,,,,,,,,,
assignment,APP0072,STU027,Double,2025-10-08,Approved,ASN0072,C102,2025-10-11,2026-06-08,EMP006,PAY0072,2025-10-01,150.00,Paid,,,,,,,,,
assignment,APP0073,STU038,Single,2025-10-09,Approved,ASN0073,R101,2025-10-14,2026-01-12,EMP001,PAY0073,2025-10-01,220.50,Pending,,,,,,,,,
assignment,APP0074,STU007,Double,2025-10-18,Approved,ASN0074,A102,2025-10-20,2026-01-18,EMP003,PAY0074,2025-10-01,161.50,Paid,,,,,,,,,
assignment,APP0075,STU055,Single,2025-10-05,Approved,ASN0075,C101,2025-10-10,2026-04-08,EMP006,PAY0075,2025-10-01,200.00,Paid,,,,,,,,,
maintenance,,,,,,,,,,,,,,,MR0041,STU008,A101,Cleaning,2025-10-18,2025-10-19,Completed,37.77,EMP004
maintenance,,,,,,,,,,,,,,,MR0042,STU050,C201,Internet,2025-10-15,2025-10-20,Completed,60.89,EMP005
maintenance,,,,,,,,,,,,,,,MR0043,STU035,A102,Plumbing,2025-10-23,,Open,111.10,EMP004
maintenance,,,,,,,,,,,,,,,MR0044,STU020,R202,Plumbing,2025-10-01,2025-10-12,Completed,90.49,EMP002
maintenance,,,,,,,,,,,,,,,MR0045,STU058,R101,Heating,2025-10-06,,Open,121.92,EMP002
assignment,APP0076,STU057,Triple,2025-11-10,Approved,ASN0076,C201,2025-11-17,2026-04-16,EMP006,PAY0076,2025-11-01,125.00,Paid,,,,,,,,,
assignment,APP0077,STU044,Double,2025-11-10,Approved,ASN0077,R201,2025-11-15,2026-05-14,EMP001,PAY0077,2025-11-01,152.00,Paid,,,,,,,,,
assignment,APP0078,STU045,Single,2025-11-07,Approved,ASN0078,A101,2025-11-13,2026-07-11,EMP003,PAY0078,2025-11-01,241.50,Paid,,,,,,,,,
assignment,APP0079,STU012,Triple,2025-11-07,Approved,ASN0079,C201,2025-11-14,2026-02-12,EMP006,PAY0079,2025-11-01,125.00,Paid,,,,,,,,,
assignment,APP0080,STU009,Double,2025-11-04,Approved,ASN0080,R201,2025-11-08,2026-04-07,EMP001,PAY0080,2025-11-01,168.00,Paid,,,,,,,,,
assignment,APP0081,STU028,Single,2025-11-19,Approved,ASN0081,A101,2025-11-24,2026-02-22,EMP003,PAY0081,2025-11-01,230.00,Paid,,,,,,,,,
assignment,APP0082,STU035,Double,2025-11-10,Approved,ASN0082,C102,2025-11-16,2026-04-15,EMP006,PAY0082,2025-11-01,157.50,Paid,,,,,,,,,
assignment,APP0083,STU028,Triple,2025-11-09,Approved,ASN0083,R202,2025-11-14,2026-02-12,EMP001,PAY0083,2025-11-01,130.00,Paid,,,,,,,,,
assignment,APP0084,STU046,Triple,2025-11-15,Approved,ASN0084,A201,2025-11-17,2026-03-17,EMP003,PAY0084,2025-11-01,133.00,Paid,,,,,,,,,
maintenance,,,,,,,,,,,,,,,MR0046,STU033,R102,Cleaning,2025-11-14,2025-11-25,Completed,45.74,EMP002
maintenance,,,,,,,,,,,,,,,MR0047,STU006,C101,Security,2025-11-16,,Open,64.38,EMP005
maintenance,,,,,,,,,,,,,,,MR0048,STU015,A101,Security,2025-11-22,2025-12-02,Completed,73.30,EMP004
maintenance,,,,,,,,,,,,,,,MR0049,STU042,R101,Cleaning,2025-11-03,2025-11-06,Completed,32.75,EMP002
maintenance,,,,,,,,,,,,,,,MR0050,STU007,C102,Security,2025-11-25,,Open,72.93,EMP005
maintenance,,,,,,,,,,,,,,,MR0051,STU059,R202,Cleaning,2025-11-06,2025-11-17,Completed,41.51,EMP002
assignment,APP0085,STU012,Double,2025-12-09,Approved,ASN0085,R201,2025-12-15,2026-04-14,EMP001,PAY0085,2025-12-01,152.00,Paid,,,,,,,,,
assignment,APP0086,STU030,Triple,2025-12-07,Approved,ASN0086,A201,2025-12-11,2026-05-10,EMP003,PAY0086,2025-12-01,140.00,Pending,,,,,,,,,
assignment,APP0087,STU037,Double,2025-12-03,Approved,ASN0087,C102,2025-12-08,2026-04-07,EMP006,PAY0087,2025-12-01,142.50,Paid,,,,,,,,,
assignment,APP0088,STU049,Double,2025-12-13,Approved,ASN0088,R201,2025-12-19,2026-04-18,EMP001,PAY0088,2025-12-01,160.00,Paid,,,,,,,,,
assignment,APP0089,STU032,Double,2025-12-02,Approved,ASN0089,A102,2025-12-03,2026-06-01,EMP003,PAY0089,2025-12-01,170.00,Paid,,,,,,,,,
assignment,APP0090,STU042,Single,2025-12-07,Approved,ASN0090,C101,2025-12-12,2026-06-10,EMP006,PAY0090,2025-12-01,200.00,Paid,,,,,,,,,
maintenance,,,,,,,,,,,,,,,MR0052,STU022,R201,Cleaning,2025-12-14,2025-12-15,Completed,36.33,EMP002
maintenance,,,,,,,,,,,,,,,MR0053,STU044,A102,Internet,2025-12-02,2025-12-16,Completed,40.80,EMP004
maintenance,,,,,,,,,,,,,,,MR0054,STU007,R101,Heating,2025-12-17,2025-12-19,Completed,135.52,EMP002
assignment,APP0091,STU007,Double,2026-01-03,Approved,ASN0091,A102,2026-01-05,2026-09-02,EMP003,PAY0091,2026-01-01,170.00,Paid,,,,,,,,,
assignment,APP0092,STU060,Single,2026-01-15,Approved,ASN0092,C101,2026-01-16,2026-09-13,EMP006,PAY0092,2026-01-01,190.00,Paid,,,,,,,,,
assignment,APP0093,STU059,Double,2026-01-19,Approved,ASN0093,R102,2026-01-22,2026-09-19,EMP001,PAY0093,2026-01-01,162.75,Paid,,,,,,,,,
assignment,APP0094,STU060,Triple,2026-01-05,Approved,ASN0094,A201,2026-01-10,2026-07-09,EMP003,PAY0094,2026-01-01,140.00,Paid,,,,,,,,,
assignment,APP0095,STU009,Triple,2026-01-15,Approved,ASN0095,C201,2026-01-19,2026-06-18,EMP006,PAY0095,2026-01-01,125.00,Paid,,,,,,,,,
assignment,APP0096,STU043,Triple,2026-01-15,Approved,ASN0096,R202,2026-01-22,2026-07-21,EMP001,PAY0096,2026-01-01,130.00,Pending,,,,,,,,,
assignment,APP0097,STU024,Triple,2026-01-06,Approved,ASN0097,A201,2026-01-10,2026-05-10,EMP003,PAY0097,2026-01-01,147.00,Paid,,,,,,,,,
maintenance,,,,,,,,,,,,,,,MR0055,STU034,A201,Electricity,2026-01-23,2026-01-25,Completed,82.21,EMP004
maintenance,,,,,,,,,,,,,,,MR0056,STU029,C201,Heating,2026-01-05,2026-01-08,Completed,122.35,EMP005
maintenance,,,,,,,,,,,,,,,MR0057,STU058,A102,Cleaning,2026-01-14,2026-01-23,Completed,40.79,EMP004
maintenance,,,,,,,,,,,,,,,MR0058,STU002,A101,Plumbing,2026-01-14,2026-01-23,Completed,140.70,EMP004
assignment,APP0098,STU027,Single,2026-02-11,Approved,ASN0098,C101,2026-02-17,2026-05-18,EMP006,PAY0098,2026-02-01,190.00,Pending,,,,,,,,,
assignment,APP0099,STU003,Single,2026-02-09,Approved,ASN0099,R101,2026-02-16,2026-07-16,EMP001,PAY0099,2026-02-01,199.50,Paid,,,,,,,,,
assignment,APP0100,STU018,Single,2026-02-09,Approved,ASN0100,A101,2026-02-14,2026-07-14,EMP003,PAY0100,2026-02-01,230.00,Paid,,,,,,,,,
assignment,APP0101,STU015,Double,2026-02-10,Approved,ASN0101,C102,2026-02-17,2026-07-17,EMP006,PAY0101,2026-02-01,157.50,Pending,,,,,,,,,
assignment,APP0102,STU018,Triple,2026-02-09,Approved,ASN0102,R202,2026-02-14,2026-05-15,EMP001,PAY0102,2026-02-01,136.50,Pending,,,,,,,,,
assignment,APP0103,STU031,Double,2026-02-19,Approved,ASN0103,A102,2026-02-21,2026-06-21,EMP003,PAY0103,2026-02-01,161.50,Paid,,,,,,,,,
assignment,APP0104,STU044,Single,2026-02-05,Approved,ASN0104,C101,2026-02-09,2026-06-09,EMP006,PAY0104,2026-02-01,190.00,Paid,,,,,,,,,
assignment,APP0105,STU049,Triple,2026-02-04,Approved,ASN0105,R202,2026-02-05,2026-08-04,EMP001,PAY0105,2026-02-01,123.50,Paid,,,,,,,,,
maintenance,,,,,,,,,,,,,,,MR0059,STU036,A101,Heating,2026-02-07,2026-02-14,Completed,82.83,EMP004
maintenance,,,,,,,,,,,,,,,MR0060,STU003,A101,Cleaning,2026-02-05,2026-02-15,Completed,11.32,EMP004
maintenance,,,,,,,,,,,,,,,MR0061,STU012,A101,Furniture,2026-02-08,2026-02-22,Completed,36.74,EMP004
maintenance,,,,,,,,,,,,,,,MR0062,STU050,C102,Security,2026-02-04,2026-02-11,Completed,58.52,EMP005
maintenance,,,,,,,,,,,,,,,MR0063,STU038,C102,Security,2026-02-08,,Open,85.35,EMP005
assignment,APP0106,STU011,Double,2026-03-12,Approved,ASN0106,R102,2026-03-16,2026-08-13,EMP001,PAY0106,2026-03-01,155.00,Paid,,,,,,,,,
assignment,APP0107,STU042,Single,2026-03-11,Approved,ASN0107,A101,2026-03-15,2026-06-13,EMP003,PAY0107,2026-03-01,241.50,Pending,,,,,,,,,
assignment,APP0108,STU049,Single,2026-03-01,Approved,ASN0108,C101,2026-03-05,2026-09-01,EMP006,PAY0108,2026-03-01,190.00,Paid,,,,,,,,,
assignment,APP0109,STU002,Double,2026-03-03,Approved,ASN0109,R201,2026-03-05,2026-07-03,EMP001,PAY0109,2026-03-01,160.00,Paid,,,,,,,,,
assignment,APP0110,STU031,Double,2026-03-09,Approved,ASN0110,A102,2026-03-10,2026-06-08,EMP003,PAY0110,2026-03-01,170.00,Paid,,,,,,,,,
assignment,APP0111,STU015,Double,2026-03-03,Approved,ASN0111,C102,2026-03-07,2026-06-05,EMP006,PAY0111,2026-03-01,157.50,Paid,,,,,,,,,
assignment,APP0112,STU054,Single,2026-03-01,Approved,ASN0112,R101,2026-03-02,2026-07-30,EMP001,PAY0112,2026-03-01,210.00,Paid,,,,,,,,,
assignment,APP0113,STU060,Double,2026-03-03,Approved,ASN0113,A102,2026-03-10,2026-08-07,EMP003,PAY0113,2026-03-01,178.50,Pending,,,,,,,,,
assignment,APP0114,STU026,Single,2026-03-16,Approved,ASN0114,C101,2026-03-20,2026-06-18,EMP006,PAY0114,2026-03-01,210.00,Paid,,,,,,,,,
maintenance,,,,,,,,,,,,,,,MR0064,STU056,A102,Cleaning,2026-03-20,2026-04-02,Completed,33.92,EMP004
maintenance,,,,,,,,,,,,,,,MR0065,STU046,A101,Furniture,2026-03-06,2026-03-12,Completed,56.96,EMP004
maintenance,,,,,,,,,,,,,,,MR0066,STU031,C101,Plumbing,2026-03-16,,Open,90.39,EMP005
maintenance,,,,,,,,,,,,,,,MR0067,STU057,C102,Cleaning,2026-03-13,2026-03-23,Completed,36.03,EMP005
maintenance,,,,,,,,,,,,,,,MR0068,STU019,A102,Cleaning,2026-03-08,2026-03-19,Completed,28.08,EMP004
maintenance,,,,,,,,,,,,,,,MR0069,STU011,A201,Furniture,2026-03-22,2026-04-03,Completed,105.60,EMP004
assignment,APP0115,STU020,Single,2026-04-13,Approved,ASN0115,A101,2026-04-15,2026-07-14,EMP003,PAY0115,2026-04-01,218.50,Paid,,,,,,,,,
assignment,APP0116,STU057,Triple,2026-04-10,Approved,ASN0116,C201,2026-04-16,2026-10-13,EMP006,PAY0116,2026-04-01,125.00,Pending,,,,,,,,,
assignment,APP0117,STU055,Single,2026-04-08,Approved,ASN0117,R101,2026-04-12,2026-10-09,EMP001,PAY0117,2026-04-01,199.50,Paid,,,,,,,,,
assignment,APP0118,STU026,Single,2026-04-02,Approved,ASN0118,A101,2026-04-07,2026-10-04,EMP003,PAY0118,2026-04-01,230.00,Pending,,,,,,,,,
assignment,APP0119,STU041,Triple,2026-04-12,Approved,ASN0119,C201,2026-04-15,2026-10-12,EMP006,PAY0119,2026-04-01,118.75,Paid,,,,,,,,,
assignment,APP0120,STU026,Double,2026-04-17,Approved,ASN0120,R102,2026-04-23,2026-08-21,EMP001,PAY0120,2026-04-01,155.00,Paid,,,,,,,,,
maintenance,,,,,,,,,,,,,,,MR0070,STU031,A201,Security,2026-04-24,,Open,51.00,EMP004
maintenance,,,,,,,,,,,,,,,MR0071,STU022,R101,Heating,2026-04-21,2026-04-27,Completed,129.11,EMP002
maintenance,,,,,,,,,,,,,,,MR0072,STU029,C102,Heating,2026-04-06,,Open,110.34,EMP005
assignment,APP0121,STU025,Double,2026-05-02,Approved,ASN0121,C102,2026-05-03,2026-12-29,EMP006,PAY0121,2026-05-01,157.50,Paid,,,,,,,,,
assignment,APP0122,STU015,Triple,2026-05-02,Approved,ASN0122,R202,2026-05-07,2027-01-02,EMP001,PAY0122,2026-05-01,136.50,Paid,,,,,,,,,
assignment,APP0123,STU021,Double,2026-05-05,Approved,ASN0123,A102,2026-05-09,2027-01-04,EMP003,PAY0123,2026-05-01,170.00,Pending,,,,,,,,,
assignment,APP0124,STU010,Triple,2026-05-10,Approved,ASN0124,C201,2026-05-14,2026-11-10,EMP006,PAY0124,2026-05-01,131.25,Paid,,,,,,,,,
assignment,APP0125,STU052,Single,2026-05-13,Approved,ASN0125,R101,2026-05-18,2026-10-15,EMP001,PAY0125,2026-05-01,210.00,Pending,,,,,,,,,
assignment,APP0126,STU060,Single,2026-05-19,Approved,ASN0126,A101,2026-05-26,2026-08-24,EMP003,PAY0126,2026-05-01,218.50,Paid,,,,,,,,,
assignment,APP0127,STU031,Double,2026-05-04,Approved,ASN0127,C102,2026-05-10,2027-01-05,EMP006,PAY0127,2026-05-01,142.50,Paid,,,,,,,,,
maintenance,,,,,,,,,,,,,,,MR0073,STU002,C201,Electricity,2026-05-09,2026-05-19,Completed,60.64,EMP005
maintenance,,,,,,,,,,,,,,,MR0074,STU039,A201,Furniture,2026-05-24,,Open,34.04,EMP004
maintenance,,,,,,,,,,,,,,,MR0075,STU027,A201,Security,2026-05-16,2026-05-30,Completed,44.59,EMP004
maintenance,,,,,,,,,,,,,,,MR0076,STU043,R201,Electricity,2026-05-04,,Open,80.03,EMP002
assignment,APP0128,STU044,Double,2026-06-17,Approved,ASN0128,R102,2026-06-22,2026-12-19,EMP001,PAY0128,2026-06-01,147.25,Paid,,,,,,,,,
assignment,APP0129,STU016,Double,2026-06-08,Approved,ASN0129,A102,2026-06-14,2027-02-09,EMP003,PAY0129,2026-06-01,170.00,Paid,,,,,,,,,
assignment,APP0130,STU051,Triple,2026-06-07,Approved,ASN0130,C201,2026-06-13,2026-09-11,EMP006,PAY0130,2026-06-01,125.00,Paid,,,,,,,,,
assignment,APP0131,STU029,Double,2026-06-10,Approved,ASN0131,R201,2026-06-16,2026-09-14,EMP001,PAY0131,2026-06-01,168.00,Pending,,,,,,,,,
assignment,APP0132,STU029,Triple,2026-06-16,Approved,ASN0132,A201,2026-06-18,2026-11-15,EMP003,PAY0132,2026-06-01,140.00,Paid,,,,,,,,,
assignment,APP0133,STU049,Single,2026-06-19,Approved,ASN0133,C101,2026-06-21,2026-09-19,EMP006,PAY0133,2026-06-01,210.00,Paid,,,,,,,,,
assignment,APP0134,STU013,Single,2026-06-19,Approved,ASN0134,R101,2026-06-22,2027-02-17,EMP001,PAY0134,2026-06-01,210.00,Paid,,,,,,,,,
assignment,APP0135,STU007,Double,2026-06-11,Approved,ASN0135,A102,2026-06-17,2027-02-12,EMP003,PAY0135,2026-06-01,170.00,Pending,,,,,,,,,
maintenance,,,,,,,,,,,,,,,MR0077,STU025,R102,Plumbing,2026-06-17,2026-06-27,Completed,93.71,EMP002
maintenance,,,,,,,,,,,,,,,MR0078,STU046,C201,Furniture,2026-06-11,2026-06-12,Completed,42.13,EMP005
maintenance,,,,,,,,,,,,,,,MR0079,STU057,R101,Electricity,2026-06-21,2026-07-04,Completed,94.77,EMP002
maintenance,,,,,,,,,,,,,,,MR0080,STU057,R101,Cleaning,2026-06-08,2026-06-15,Completed,36.77,EMP002
maintenance,,,,,,,,,,,,,,,MR0081,STU025,A102,Security,2026-06-14,2026-06-18,Completed,48.57,EMP004
assignment,APP0136,STU025,Double,2026-07-16,Approved,ASN0136,A102,2026-07-22,2026-12-19,EMP003,PAY0136,2026-07-01,161.50,Paid,,,,,,,,,
assignment,APP0137,STU057,Triple,2026-07-01,Approved,ASN0137,C201,2026-07-06,2027-03-03,EMP006,PAY0137,2026-07-01,125.00,Paid,,,,,,,,,
assignment,APP0138,STU051,Single,2026-07-14,Approved,ASN0138,R101,2026-07-21,2027-01-17,EMP001,PAY0138,2026-07-01,220.50,Pending,,,,,,,,,
assignment,APP0139,STU017,Triple,2026-07-01,Approved,ASN0139,A201,2026-07-03,2026-10-01,EMP003,PAY0139,2026-07-01,133.00,Paid,,,,,,,,,
assignment,APP0140,STU054,Triple,2026-07-17,Approved,ASN0140,C201,2026-07-18,2026-10-16,EMP006,PAY0140,2026-07-01,118.75,Paid,,,,,,,,,
assignment,APP0141,STU038,Double,2026-07-18,Approved,ASN0141,R102,2026-07-20,2026-12-17,EMP001,PAY0141,2026-07-01,147.25,Paid,,,,,,,,,
assignment,APP0142,STU045,Triple,2026-07-16,Approved,ASN0142,A201,2026-07-20,2026-10-18,EMP003,PAY0142,2026-07-01,147.00,Paid,,,,,,,,,
assignment,APP0143,STU059,Single,2026-07-13,Approved,ASN0143,C101,2026-07-17,2026-11-14,EMP006,PAY0143,2026-07-01,190.00,Paid,,,,,,,,,
assignment,APP0144,STU005,Triple,2026-07-07,Approved,ASN0144,R202,2026-07-11,2026-10-09,EMP001,PAY0144,2026-07-01,130.00,Paid,,,,,,,,,
maintenance,,,,,,,,,,,,,,,MR0082,STU012,C201,Furniture,2026-07-17,2026-07-23,Completed,57.36,EMP005
maintenance,,,,,,,,,,,,,,,MR0083,STU048,C101,Plumbing,2026-07-05,2026-07-08,Completed,107.70,EMP005
maintenance,,,,,,,,,,,,,,,MR0084,STU059,C101,Furniture,2026-07-07,2026-07-21,Completed,55.63,EMP005
maintenance,,,,,,,,,,,,,,,MR0085,STU003,A101,Plumbing,2026-07-10,2026-07-19,Completed,121.03,EMP004
maintenance,,,,,,,,,,,,,,,MR0086,STU018,R101,Cleaning,2026-07-02,2026-07-09,Completed,21.98,EMP002
maintenance,,,,,,,,,,,,,,,MR0087,STU058,R101,Cleaning,2026-07-24,2026-07-28,Completed,46.22,EMP002
assignment,APP0145,STU041,Single,2026-08-02,Approved,ASN0145,C101,2026-08-07,2027-04-04,EMP006,PAY0145,2026-08-01,190.00,Paid,,,,,,,,,
assignment,APP0146,STU044,Double,2026-08-01,Approved,ASN0146,R201,2026-08-02,2026-11-30,EMP001,PAY0146,2026-08-01,160.00,Paid,,,,,,,,,
assignment,APP0147,STU031,Double,2026-08-08,Approved,ASN0147,A102,2026-08-15,2026-12-13,EMP003,PAY0147,2026-08-01,161.50,Paid,,,,,,,,,
assignment,APP0148,STU019,Double,2026-08-09,Approved,ASN0148,C102,2026-08-16,2027-02-12,EMP006,PAY0148,2026-08-01,142.50,Paid,,,,,,,,,
assignment,APP0149,STU041,Double,2026-08-05,Approved,ASN0149,R102,2026-08-06,2027-02-02,EMP001,PAY0149,2026-08-01,155.00,Pending,,,,,,,,,
assignment,APP0150,STU035,Triple,2026-08-09,Approved,ASN0150,A201,2026-08-16,2027-04-13,EMP003,PAY0150,2026-08-01,140.00,Paid,,,,,,,,,
maintenance,,,,,,,,,,,,,,,MR0088,STU017,R201,Heating,2026-08-01,2026-08-13,Completed,87.85,EMP002
maintenance,,,,,,,,,,,,,,,MR0089,STU018,A201,Plumbing,2026-08-02,,Open,85.09,EMP004
maintenance,,,,,,,,,,,,,,,MR0090,STU043,C102,Security,2026-08-25,2026-09-05,Completed,59.25,EMP005
assignment,APP0151,STU046,Triple,2026-09-07,Approved,ASN0151,R202,2026-09-14,2027-02-11,EMP001,PAY0151,2026-09-01,130.00,Paid,,,,,,,,,
assignment,APP0152,STU054,Single,2026-09-07,Approved,ASN0152,A101,2026-09-13,2026-12-12,EMP003,PAY0152,2026-09-01,241.50,Paid,,,,,,,,,
assignment,APP0153,STU014,Single,2026-09-12,Approved,ASN0153,C101,2026-09-16,2027-01-14,EMP006,PAY0153,2026-09-01,200.00,Paid,,,,,,,,,
assignment,APP0154,STU042,Triple,2026-09-18,Approved,ASN0154,R202,2026-09-24,2027-05-22,EMP001,PAY0154,2026-09-01,136.50,Pending,,,,,,,,,
assignment,APP0155,STU027,Triple,2026-09-01,Approved,ASN0155,A201,2026-09-03,2027-03-02,EMP003,PAY0155,2026-09-01,140.00,Pending,,,,,,,,,
assignment,APP0156,STU048,Single,2026-09-08,Approved,ASN0156,C101,2026-09-09,2027-01-07,EMP006,PAY0156,2026-09-01,200.00,Paid,,,,,,,,,
assignment,APP0157,STU022,Single,2026-09-10,Approved,ASN0157,R101,2026-09-17,2027-03-16,EMP001,PAY0157,2026-09-01,220.50,Paid,,,,,,,,,
maintenance,,,,,,,,,,,,,,,MR0091,STU002,R202,Internet,2026-09-10,2026-09-21,Completed,34.38,EMP002
maintenance,,,,,,,,,,,,,,,MR0092,STU012,R101,Internet,2026-09-24,,Open,34.25,EMP002
maintenance,,,,,,,,,,,,,,,MR0093,STU001,C201,Heating,2026-09-20,,Open,68.66,EMP005
maintenance,,,,,,,,,,,,,,,MR0094,STU035,A102,Furniture,2026-09-07,,Open,66.64,EMP004
assignment,APP0158,STU043,Double,2026-10-01,Approved,ASN0158,A102,2026-10-07,2027-02-04,EMP003,PAY0158,2026-10-01,178.50,Pending,,,,,,,,,
assignment,APP0159,STU055,Triple,2026-10-19,Approved,ASN0159,C201,2026-10-20,2027-03-19,EMP006,PAY0159,2026-10-01,125.00,Paid,,,,,,,,,
assignment,APP0160,STU046,Double,2026-10-01,Approved,ASN0160,R201,2026-10-03,2027-05-31,EMP001,PAY0160,2026-10-01,160.00,Paid,,,,,,,,,
assignment,APP0161,STU018,Triple,2026-10-02,Approved,ASN0161,A201,2026-10-04,2027-02-01,EMP003,PAY0161,2026-10-01,140.00,Paid,,,,,,,,,
assignment,APP0162,STU049,Single,2026-10-04,Approved,ASN0162,C101,2026-10-05,2027-03-04,EMP006,PAY0162,2026-10-01,190.00,Pending,,,,,,,,,
assignment,APP0163,STU034,Double,2026-10-09,Approved,ASN0163,R102,2026-10-10,2027-06-07,EMP001,PAY0163,2026-10-01,155.00,Paid,,,,,,,,,
assignment,APP0164,STU046,Single,2026-10-18,Approved,ASN0164,A101,2026-10-20,2027-04-18,EMP003,PAY0164,2026-10-01,218.50,Paid,,,,,,,,,
assignment,APP0165,STU017,Double,2026-10-06,Approved,ASN0165,C102,2026-10-08,2027-03-07,EMP006,PAY0165,2026-10-01,142.50,Paid,,,,,,,,,
maintenance,,,,,,,,,,,,,,,MR0095,STU009,A102,Security,2026-10-15,2026-10-18,Completed,49.47,EMP004
maintenance,,,,,,,,,,,,,,,MR0096,STU027,R202,Electricity,2026-10-05,2026-10-14,Completed,94.85,EMP002
maintenance,,,,,,,,,,,,,,,MR0097,STU059,C101,Security,2026-10-23,2026-10-29,Completed,70.69,EMP005
maintenance,,,,,,,,,,,,,,,MR0098,STU039,A102,Electricity,2026-10-12,2026-10-17,Completed,74.27,EMP004
maintenance,,,,,,,,,,,,,,,MR0099,STU050,A102,Cleaning,2026-10-13,2026-10-19,Completed,26.39,EMP004
assignment,APP0166,STU033,Triple,2026-11-07,Approved,ASN0166,C201,2026-11-09,2027-04-08,EMP006,PAY0166,2026-11-01,125.00,Paid,,,,,,,,,
assignment,APP0167,STU024,Triple,2026-11-14,Approved,ASN0167,R202,2026-11-17,2027-07-15,EMP001,PAY0167,2026-11-01,130.00,Paid,,,,,,,,,
assignment,APP0168,STU033,Double,2026-11-11,Approved,ASN0168,A102,2026-11-16,2027-03-16,EMP003,PAY0168,2026-11-01,178.50,Paid,,,,,,,,,
assignment,APP0169,STU029,Double,2026-11-03,Approved,ASN0169,C102,2026-11-08,2027-07-06,EMP006,PAY0169,2026-11-01,150.00,Paid,,,,,,,,,
assignment,APP0170,STU057,Double,2026-11-07,Approved,ASN0170,R102,2026-11-10,2027-03-10,EMP001,PAY0170,2026-11-01,147.25,Paid,,,,,,,,,
assignment,APP0171,STU027,Double,2026-11-13,Approved,ASN0171,A102,2026-11-15,2027-04-14,EMP003,PAY0171,2026-11-01,170.00,Paid,,,,,,,,,
assignment,APP0172,STU018,Double,2026-11-16,Approved,ASN0172,C102,2026-11-23,2027-05-22,EMP006,PAY0172,2026-11-01,150.00,Paid,,,,,,,,,
assignment,APP0173,STU042,Triple,2026-11-13,Approved,ASN0173,R202,2026-11-18,2027-03-18,EMP001,PAY0173,2026-11-01,130.00,Paid,,,,,,,,,
assignment,APP0174,STU024,Triple,2026-11-16,Approved,ASN0174,A201,2026-11-23,2027-07-21,EMP003,PAY0174,2026-11-01,140.00,Pending,,,,,,,,,
maintenance,,,,,,,,,,,,,,,MR0100,STU002,R101,Furniture,2026-11-22,,Open,94.35,EMP002
maintenance,,,,,,,,,,,,,,,MR0101,STU047,A101,Security,2026-11-12,2026-11-23,Completed,77.72,EMP004
maintenance,,,,,,,,,,,,,,,MR0102,STU058,A201,Heating,2026-11-16,2026-11-19,Completed,131.61,EMP004
maintenance,,,,,,,,,,,,,,,MR0103,STU003,A101,Internet,2026-11-11,,Open,30.00,EMP004
maintenance,,,,,,,,,,,,,,,MR0104,STU014,A201,Heating,2026-11-21,,Open,122.86,EMP004
maintenance,,,,,,,,,,,,,,,MR0105,STU021,C101,Electricity,2026-11-10,2026-11-17,Completed,67.01,EMP005
assignment,APP0175,STU048,Single,2026-12-04,Approved,ASN0175,R101,2026-12-09,2027-08-06,EMP001,PAY0175,2026-12-01,210.00,Paid,,,,,,,,,
assignment,APP0176,STU015,Double,2026-12-17,Approved,ASN0176,A102,2026-12-19,2027-04-18,EMP003,PAY0176,2026-12-01,170.00,Paid,,,,,,,,,
assignment,APP0177,STU002,Triple,2026-12-19,Approved,ASN0177,C201,2026-12-21,2027-08-18,EMP006,PAY0177,2026-12-01,118.75,Paid,,,,,,,,,
assignment,APP0178,STU056,Triple,2026-12-18,Approved,ASN0178,R202,2026-12-24,2027-06-22,EMP001,PAY0178,2026-12-01,130.00,Pending,,,,,,,,,
assignment,APP0179,STU043,Triple,2026-12-15,Approved,ASN0179,A201,2026-12-22,2027-08-19,EMP003,PAY0179,2026-12-01,140.00,Paid,,,,,,,,,
assignment,APP0180,STU036,Triple,2026-12-03,Approved,ASN0180,C201,2026-12-06,2027-08-03,EMP006,PAY0180,2026-12-01,131.25,Paid,,,,,,,,,
maintenance,,,,,,,,,,,,,,,MR0106,STU036,C201,Furniture,2026-12-23,2026-12-24,Completed,56.73,EMP005
maintenance,,,,,,,,,,,,,,,MR0107,STU046,R102,Security,2026-12-04,2026-12-14,Completed,45.89,EMP002
maintenance,,,,,,,,,,,,,,,MR0108,STU022,R102,Security,2026-12-09,2026-12-21,Completed,87.23,EMP002
